{
	"info": {
		"_postman_id": "49551436-7ce1-4c71-9a77-6a574aa9c54b",
		"name": "Petitions site",
		"description": "Postman collection for petitions site, for SENG365-20S1.",
		"schema": "https://schema.getpostman.com/json/collection/v2.1.0/collection.json"
	},
	"item": [
		{
			"name": "Backdoor",
			"item": [
				{
					"name": "POST /reload",
					"request": {
						"method": "POST",
						"header": [],
						"body": {
							"mode": "raw",
							"raw": ""
						},
						"url": {
							"raw": "{{BASE_URL}}/reload",
							"host": [
								"{{BASE_URL}}"
							],
							"path": [
								"reload"
							]
						}
					},
					"response": []
				},
				{
					"name": "POST /reset",
					"request": {
						"method": "POST",
						"header": [],
						"body": {
							"mode": "raw",
							"raw": ""
						},
						"url": {
							"raw": "{{BASE_URL}}/reset",
							"host": [
								"{{BASE_URL}}"
							],
							"path": [
								"reset"
							]
						}
					},
					"response": []
				},
				{
					"name": "POST /resample",
					"request": {
						"method": "POST",
						"header": [],
						"body": {
							"mode": "raw",
							"raw": ""
						},
						"url": {
							"raw": "{{BASE_URL}}/resample",
							"host": [
								"{{BASE_URL}}"
							],
							"path": [
								"resample"
							]
						}
					},
					"response": []
				},
				{
					"name": "POST /executeSql",
					"request": {
						"method": "POST",
						"header": [],
						"body": {
							"mode": "raw",
							"raw": "UPDATE User SET auth_token = 'test_token' WHERE email = 'bob.roberts@gmail.com'"
						},
						"url": {
							"raw": "{{BASE_URL}}/executeSql",
							"host": [
								"{{BASE_URL}}"
							],
							"path": [
								"executeSql"
							]
						}
					},
					"response": []
				}
			],
			"protocolProfileBehavior": {}
		},
		{
			"name": "petitions",
			"item": [
				{
					"name": "GET /petitions/",
					"request": {
						"method": "GET",
						"header": [],
						"url": {
							"raw": "{{BASE_URL}}/petitions",
							"host": [
								"{{BASE_URL}}"
							],
							"path": [
								"petitions"
							]
						}
					},
					"response": []
				},
				{
					"name": "GET /petitions/ (with parameters)",
					"request": {
						"method": "GET",
						"header": [],
						"url": {
							"raw": "{{BASE_URL}}/petitions?q=the&categoryId=7&authorId=10&sortBy=SIGNATURES_ASC&count=5&startIndex=0",
							"host": [
								"{{BASE_URL}}"
							],
							"path": [
								"petitions"
							],
							"query": [
								{
									"key": "q",
									"value": "the"
								},
								{
									"key": "categoryId",
									"value": "7"
								},
								{
									"key": "authorId",
									"value": "10"
								},
								{
									"key": "sortBy",
									"value": "SIGNATURES_ASC"
								},
								{
									"key": "count",
									"value": "5"
								},
								{
									"key": "startIndex",
									"value": "0"
								}
							]
						}
					},
					"response": []
				},
				{
					"name": "POST /petitions/",
					"event": [
						{
							"listen": "test",
							"script": {
								"id": "d26071fd-d793-4452-8de7-d0a3eec3f6b8",
								"exec": [
									"pm.test(\"Set petition_id after creating a petition\", function() {",
									"    const petitionId = pm.response.json().petitionId;",
									"    if (typeof petitionId !== \"undefined\") {",
									"        pm.globals.set(\"petition_id\", petitionId);",
									"    }",
									"});"
								],
								"type": "text/javascript"
							}
						}
					],
					"request": {
						"method": "POST",
						"header": [
							{
								"key": "Content-Type",
								"value": "application/json"
							},
							{
								"key": "X-Authorization",
								"value": "{{auth_token}}",
								"type": "text"
							}
						],
						"body": {
							"mode": "raw",
							"raw": "{\n\t\"title\": \"Close Hawkins Lab\",\n\t\"description\": \"They seem pretty suspicious.\",\n\t\"categoryId\": 7,\n\t\"closingDate\": \"2021-01-01 18:25:43.511\"\n}"
						},
						"url": {
							"raw": "{{BASE_URL}}/petitions",
							"host": [
								"{{BASE_URL}}"
							],
							"path": [
								"petitions"
							]
						}
					},
					"response": []
				},
				{
					"name": "GET /petitions/:id",
					"request": {
						"method": "GET",
						"header": [],
						"url": {
							"raw": "{{BASE_URL}}/petitions/9",
							"host": [
								"{{BASE_URL}}"
							],
							"path": [
								"petitions",
								"9"
							]
						}
					},
					"response": []
				},
				{
					"name": "PATCH /petitions/:id (mine)",
					"request": {
						"method": "PATCH",
						"header": [
							{
								"key": "Content-Type",
								"value": "application/json"
							},
							{
								"key": "X-Authorization",
								"type": "text",
								"value": "{{auth_token}}"
							}
						],
						"body": {
							"mode": "raw",
							"raw": "{\n\t\"title\": \"Keep Hawkins Lab open\",\n\t\"description\": \"They seem like cool people.\"\n}"
						},
						"url": {
							"raw": "{{BASE_URL}}/petitions/{{petition_id}}",
							"host": [
								"{{BASE_URL}}"
							],
							"path": [
								"petitions",
								"{{petition_id}}"
							]
						}
					},
					"response": []
				},
				{
					"name": "PATCH /petitions/:id (someone else's)",
					"request": {
						"method": "PATCH",
						"header": [
							{
								"key": "Content-Type",
								"value": "application/json"
							},
							{
								"key": "X-Authorization",
								"type": "text",
								"value": "{{auth_token}}"
							}
						],
						"body": {
							"mode": "raw",
							"raw": "{\n\t\"title\": \"hackerman waz here\"\n}"
						},
						"url": {
							"raw": "{{BASE_URL}}/petitions/1",
							"host": [
								"{{BASE_URL}}"
							],
							"path": [
								"petitions",
								"1"
							]
						}
					},
					"response": []
				},
				{
					"name": "DELETE /petitions/:id (mine)",
					"request": {
						"method": "DELETE",
						"header": [
							{
								"key": "Content-Type",
								"value": "application/json"
							},
							{
								"key": "X-Authorization",
								"type": "text",
								"value": "{{auth_token}}"
							}
						],
						"body": {
							"mode": "raw",
							"raw": ""
						},
						"url": {
							"raw": "{{BASE_URL}}/petitions/{{petition_id}}",
							"host": [
								"{{BASE_URL}}"
							],
							"path": [
								"petitions",
								"{{petition_id}}"
							]
						}
					},
					"response": []
				},
				{
					"name": "DELETE /petitions/:id (someone else's)",
					"request": {
						"method": "DELETE",
						"header": [
							{
								"key": "Content-Type",
								"value": "application/json"
							},
							{
								"key": "X-Authorization",
								"type": "text",
								"value": "{{auth_token}}"
							}
						],
						"body": {
							"mode": "raw",
							"raw": ""
						},
						"url": {
							"raw": "{{BASE_URL}}/petitions/1",
							"host": [
								"{{BASE_URL}}"
							],
							"path": [
								"petitions",
								"1"
							]
						}
					},
					"response": []
				},
				{
					"name": "GET /petitions/categories",
					"request": {
						"method": "GET",
						"header": [],
						"url": {
							"raw": "{{BASE_URL}}/petitions/categories",
							"host": [
								"{{BASE_URL}}"
							],
							"path": [
								"petitions",
								"categories"
							]
						}
					},
					"response": []
				}
			],
			"protocolProfileBehavior": {}
		},
		{
			"name": "petitions.photos",
			"item": [
				{
					"name": "GET /petitions/:id/photo (mine)",
					"request": {
						"method": "GET",
						"header": [],
						"url": {
							"raw": "{{BASE_URL}}/petitions/{{petition_id}}/photo",
							"host": [
								"{{BASE_URL}}"
							],
							"path": [
								"petitions",
								"{{petition_id}}",
								"photo"
							]
						}
					},
					"response": []
				},
				{
					"name": "GET /petitions/:id/photo (someone else's)",
					"request": {
						"method": "GET",
						"header": [],
						"url": {
							"raw": "{{BASE_URL}}/petitions/9/photo",
							"host": [
								"{{BASE_URL}}"
							],
							"path": [
								"petitions",
								"9",
								"photo"
							]
						}
					},
					"response": []
				},
				{
					"name": "PUT /petitions/:id/photo (mine; jpeg)",
					"request": {
						"method": "PUT",
						"header": [
							{
								"key": "Content-Type",
								"name": "Content-Type",
								"type": "text",
								"value": "image/jpeg"
							},
							{
								"key": "X-Authorization",
								"type": "text",
								"value": "{{auth_token}}"
							}
						],
						"body": {
							"mode": "file",
							"file": {
								"src": "petition_sample.jpg"
							}
						},
						"url": {
							"raw": "{{BASE_URL}}/petitions/{{petition_id}}/photo",
							"host": [
								"{{BASE_URL}}"
							],
							"path": [
								"petitions",
								"{{petition_id}}",
								"photo"
							]
						}
					},
					"response": []
				},
				{
					"name": "PUT /petitions/:id/photo (mine; png)",
					"request": {
						"method": "PUT",
						"header": [
							{
								"key": "Content-Type",
								"name": "Content-Type",
								"type": "text",
								"value": "image/png"
							},
							{
								"key": "X-Authorization",
								"type": "text",
								"value": "{{auth_token}}"
							}
						],
						"body": {
							"mode": "file",
							"file": {
								"src": "petition_sample.png"
							}
						},
						"url": {
							"raw": "{{BASE_URL}}/petitions/{{petition_id}}/photo",
							"host": [
								"{{BASE_URL}}"
							],
							"path": [
								"petitions",
								"{{petition_id}}",
								"photo"
							]
						}
					},
					"response": []
				},
				{
					"name": "PUT /petitions/:id/photo (mine; gif)",
					"request": {
						"method": "PUT",
						"header": [
							{
								"key": "Content-Type",
								"name": "Content-Type",
								"type": "text",
								"value": "image/gif"
							},
							{
								"key": "X-Authorization",
								"type": "text",
								"value": "{{auth_token}}"
							}
						],
						"body": {
							"mode": "file",
							"file": {
								"src": "petition_sample.gif"
							}
						},
						"url": {
							"raw": "{{BASE_URL}}/petitions/{{petition_id}}/photo",
							"host": [
								"{{BASE_URL}}"
							],
							"path": [
								"petitions",
								"{{petition_id}}",
								"photo"
							]
						}
					},
					"response": []
				},
				{
					"name": "PUT /petitions/:id/photo (someone else's)",
					"request": {
						"method": "PUT",
						"header": [
							{
								"key": "Content-Type",
								"name": "Content-Type",
								"type": "text",
								"value": "image/jpeg"
							},
							{
								"key": "X-Authorization",
								"type": "text",
								"value": "{{auth_token}}"
							}
						],
						"body": {
							"mode": "file",
							"file": {
								"src": "petition_sample.jpg"
							}
						},
						"url": {
							"raw": "{{BASE_URL}}/petitions/1/photo",
							"host": [
								"{{BASE_URL}}"
							],
							"path": [
								"petitions",
								"1",
								"photo"
							]
						}
					},
					"response": []
				}
			],
			"protocolProfileBehavior": {}
		},
		{
			"name": "petitions.signatures",
			"item": [
				{
					"name": "GET /petitions/:id/signatures",
					"request": {
						"method": "GET",
						"header": [],
						"url": {
							"raw": "{{BASE_URL}}/petitions/1/signatures",
							"host": [
								"{{BASE_URL}}"
							],
							"path": [
								"petitions",
								"1",
								"signatures"
							]
						}
					},
					"response": []
				},
				{
					"name": "POST /petitions/:id/signatures",
					"request": {
						"method": "POST",
						"header": [
							{
								"key": "X-Authorization",
								"type": "text",
								"value": "{{auth_token}}"
							}
						],
						"url": {
							"raw": "{{BASE_URL}}/petitions/1/signatures",
							"host": [
								"{{BASE_URL}}"
							],
							"path": [
								"petitions",
								"1",
								"signatures"
							]
						}
					},
					"response": []
				},
				{
					"name": "DELETE /petitions/:id/signatures",
					"request": {
						"method": "DELETE",
						"header": [
							{
								"key": "X-Authorization",
								"type": "text",
								"value": "{{auth_token}}"
							}
						],
						"url": {
							"raw": "{{BASE_URL}}/petitions/1/signatures",
							"host": [
								"{{BASE_URL}}"
							],
							"path": [
								"petitions",
								"1",
								"signatures"
							]
						}
					},
					"response": []
				}
			],
			"protocolProfileBehavior": {}
		},
		{
			"name": "users",
			"item": [
				{
					"name": "POST /users/register",
					"request": {
						"method": "POST",
						"header": [
							{
								"key": "Content-Type",
								"value": "application/json"
							}
						],
						"body": {
							"mode": "raw",
							"raw": "{\n\t\"name\": \"Mike Wheeler\",\n\t\"email\": \"mike.wheeler@hawkinsmiddle.school.us\",\n\t\"password\": \"paladin\",\n\t\"city\": \"Hawkins\",\n\t\"country\": \"USA\"\n}"
						},
						"url": {
							"raw": "{{BASE_URL}}/users/register",
							"host": [
								"{{BASE_URL}}"
							],
							"path": [
								"users",
								"register"
							]
						}
					},
					"response": []
				},
				{
					"name": "POST /users/register (no city/country)",
					"request": {
						"method": "POST",
						"header": [
							{
								"key": "Content-Type",
								"value": "application/json"
							}
						],
						"body": {
							"mode": "raw",
							"raw": "{\n\t\"name\": \"Will Byers\",\n\t\"email\": \"willbyers@gmail.com\",\n\t\"password\": \"cleric\"\n}"
						},
						"url": {
							"raw": "{{BASE_URL}}/users/register",
							"host": [
								"{{BASE_URL}}"
							],
							"path": [
								"users",
								"register"
							]
						}
					},
					"response": []
				},
				{
					"name": "POST /users/register (invalid email)",
					"request": {
						"method": "POST",
						"header": [
							{
								"key": "Content-Type",
								"value": "application/json"
							}
						],
						"body": {
							"mode": "raw",
							"raw": "{\n\t\"name\": \"Lucas Sinclair\",\n\t\"email\": \"lucassinclair.gmail.com\",\n\t\"password\": \"ranger\"\n}"
						},
						"url": {
							"raw": "{{BASE_URL}}/users/register",
							"host": [
								"{{BASE_URL}}"
							],
							"path": [
								"users",
								"register"
							]
						}
					},
					"response": []
				},
				{
					"name": "POST /users/login",
					"event": [
						{
							"listen": "test",
							"script": {
								"id": "e9f018fd-4ca9-42f7-bc52-681285678b33",
								"exec": [
									"pm.test(\"Set auth_token and user_id after login\", function() {",
									"    const authToken = pm.response.json().token;",
									"    if (typeof authToken !== \"undefined\") {",
									"        pm.globals.set(\"auth_token\", authToken);",
									"    }",
									"    const userId = pm.response.json().userId;",
									"    if (typeof userId !== \"undefined\") {",
									"        pm.globals.set(\"user_id\", userId);",
									"    }",
									"});"
								],
								"type": "text/javascript"
							}
						}
					],
					"request": {
						"method": "POST",
						"header": [
							{
								"key": "Content-Type",
								"value": "application/json"
							}
						],
						"body": {
							"mode": "raw",
							"raw": "{\n\t\"email\": \"mike.wheeler@hawkinsmiddle.school.us\",\n\t\"password\": \"paladin\"\n}"
						},
						"url": {
							"raw": "{{BASE_URL}}/users/login",
							"host": [
								"{{BASE_URL}}"
							],
							"path": [
								"users",
								"login"
							]
						}
					},
					"response": []
				},
				{
					"name": "POST /users/logout",
					"event": [
						{
							"listen": "test",
							"script": {
								"id": "548241d0-8641-4fdc-95c0-1d03f0906046",
								"exec": [
									"pm.test(\"Remove auth_token and user_id after logout\", function() {",
									"    if (responseCode.code === 200) {",
									"        pm.globals.set(\"auth_token\", null);",
									"        pm.globals.set(\"user_id\", null);",
									"    }",
									"});"
								],
								"type": "text/javascript"
							}
						}
					],
					"request": {
						"method": "POST",
						"header": [
							{
								"key": "X-Authorization",
								"value": "{{auth_token}}"
							}
						],
						"body": {
							"mode": "raw",
							"raw": ""
						},
						"url": {
							"raw": "{{BASE_URL}}/users/logout",
							"host": [
								"{{BASE_URL}}"
							],
							"path": [
								"users",
								"logout"
							]
						}
					},
					"response": []
				},
				{
					"name": "GET /users/:id (me)",
					"request": {
						"method": "GET",
						"header": [
							{
								"key": "X-Authorization",
								"value": "{{auth_token}}",
								"type": "text"
							}
						],
						"url": {
							"raw": "{{BASE_URL}}/users/{{user_id}}",
							"host": [
								"{{BASE_URL}}"
							],
							"path": [
								"users",
								"{{user_id}}"
							]
						}
					},
					"response": []
				},
				{
					"name": "GET /users/:id (another user)",
					"request": {
						"method": "GET",
						"header": [
							{
								"key": "X-Authorization",
								"value": "{{auth_token}}",
								"type": "text"
							}
						],
						"url": {
							"raw": "{{BASE_URL}}/users/1",
							"host": [
								"{{BASE_URL}}"
							],
							"path": [
								"users",
								"1"
							]
						}
					},
					"response": []
				},
				{
					"name": "PATCH /users/:id (me)",
					"request": {
						"method": "PATCH",
						"header": [
							{
								"key": "X-Authorization",
								"value": "{{auth_token}}"
							},
							{
								"key": "Content-Type",
								"name": "Content-Type",
								"type": "text",
								"value": "application/json"
							}
						],
						"body": {
							"mode": "raw",
							"raw": "{\n\t\"country\": \"United States\",\n\t\"password\": \"new secure password\",\n\t\"currentPassword\": \"paladin\"\n}"
						},
						"url": {
							"raw": "{{BASE_URL}}/users/{{user_id}}",
							"host": [
								"{{BASE_URL}}"
							],
							"path": [
								"users",
								"{{user_id}}"
							]
						}
					},
					"response": []
				},
				{
					"name": "PATCH /users/:id (another user)",
					"request": {
						"method": "PATCH",
						"header": [
							{
								"key": "X-Authorization",
								"value": "{{auth_token}}"
							},
							{
								"key": "Content-Type",
								"name": "Content-Type",
								"value": "application/json",
								"type": "text"
							}
						],
						"body": {
							"mode": "raw",
							"raw": "{\n\t\"name\": \"Eleven\",\n\t\"email\": \"el@hawkinslab.com\"\n}"
						},
						"url": {
							"raw": "{{BASE_URL}}/users/1",
							"host": [
								"{{BASE_URL}}"
							],
							"path": [
								"users",
								"1"
							]
						}
					},
					"response": []
				}
			],
			"protocolProfileBehavior": {}
		},
		{
			"name": "users.photos",
			"item": [
				{
					"name": "GET /users/:id/photo (me)",
					"request": {
						"method": "GET",
						"header": [],
						"url": {
							"raw": "{{BASE_URL}}/users/{{user_id}}/photo",
							"host": [
								"{{BASE_URL}}"
							],
							"path": [
								"users",
								"{{user_id}}",
								"photo"
							]
						}
					},
					"response": []
				},
				{
					"name": "GET /users/:id/photo (another user)",
					"request": {
						"method": "GET",
						"header": [],
						"url": {
							"raw": "{{BASE_URL}}/users/1/photo",
							"host": [
								"{{BASE_URL}}"
							],
							"path": [
								"users",
								"1",
								"photo"
							]
						}
					},
					"response": []
				},
				{
					"name": "PUT /users/:id/photo (me)",
					"request": {
						"method": "PUT",
						"header": [
							{
								"key": "Content-Type",
								"name": "Content-Type",
								"value": "image/jpeg",
								"type": "text"
							},
							{
								"key": "X-Authorization",
								"value": "{{auth_token}}",
								"type": "text"
							}
						],
						"body": {
							"mode": "file",
							"file": {
								"src": "user_sample.jpg"
							}
						},
						"url": {
							"raw": "{{BASE_URL}}/users/{{user_id}}/photo",
							"host": [
								"{{BASE_URL}}"
							],
							"path": [
								"users",
								"{{user_id}}",
								"photo"
							]
						}
					},
					"response": []
				},
				{
					"name": "PUT /users/:id/photo (another user)",
					"request": {
						"method": "PUT",
						"header": [
							{
								"key": "Content-Type",
								"name": "Content-Type",
								"type": "text",
								"value": "image/jpeg"
							},
							{
								"key": "X-Authorization",
								"type": "text",
								"value": "{{auth_token}}"
							}
						],
						"body": {
							"mode": "file",
							"file": {
								"src": "user_sample.jpg"
							}
						},
						"url": {
							"raw": "{{BASE_URL}}/users/1/photo",
							"host": [
								"{{BASE_URL}}"
							],
							"path": [
								"users",
								"1",
								"photo"
							]
						}
					},
					"response": []
				},
				{
					"name": "DELETE /users/:id/photo (me)",
					"request": {
						"method": "DELETE",
						"header": [
							{
								"key": "X-Authorization",
								"value": "{{auth_token}}",
								"type": "text"
							}
						],
						"body": {
							"mode": "file",
							"file": {
								"src": ""
							}
						},
						"url": {
							"raw": "{{BASE_URL}}/users/{{user_id}}/photo",
							"host": [
								"{{BASE_URL}}"
							],
							"path": [
								"users",
								"{{user_id}}",
								"photo"
							]
						}
					},
					"response": []
				},
				{
					"name": "DELETE /users/:id/photo (another user)",
					"request": {
						"method": "DELETE",
						"header": [
							{
								"key": "X-Authorization",
								"type": "text",
								"value": "{{auth_token}}"
							}
						],
						"body": {
							"mode": "file",
							"file": {
								"src": ""
							}
						},
						"url": {
							"raw": "{{BASE_URL}}/users/1/photo",
							"host": [
								"{{BASE_URL}}"
							],
							"path": [
								"users",
								"1",
								"photo"
							]
						}
					},
					"response": []
				}
			],
			"event": [
				{
					"listen": "prerequest",
					"script": {
						"id": "7f5e40b4-823f-42cb-a931-d981be171d4e",
						"type": "text/javascript",
						"exec": [
							""
						]
					}
				},
				{
					"listen": "test",
					"script": {
						"id": "e345ded7-f7fc-4b03-a9ea-803eb1b3d596",
						"type": "text/javascript",
						"exec": [
							""
						]
					}
				}
			],
			"protocolProfileBehavior": {}
		}
	],
	"protocolProfileBehavior": {}
}